CustomerID,Age,Subscription_Length_Months,Watch_Time_Hours,Number_of_Logins,Payment_Issues,Number_of_Complaints,Resolution_Time_Days,Membership_Type,Payment_Method,Preferred_Content_Type,Churn
1,56,35,157.95759959350374,59,0,1,4,Standard,Debit,Movies,0
2,69,15,93.51549932702362,26,0,3,1,Basic,Debit,TV Shows,0
3,46,25,87.09514338043596,57,1,6,15,Premium,PayPal,Movies,1
4,32,28,113.98632309676385,12,0,4,13,Standard,Credit Card,Sports,0
5,60,10,101.53481638974156,11,1,5,8,Basic,Credit Card,Movies,1
6,25,17,166.09330434966017,37,1,1,25,Standard,Credit Card,Sports,1
7,38,22,79.92926885741382,25,0,2,4,Standard,Credit Card,Movies,1
8,56,26,122.7388547411468,18,0,6,10,Basic,PayPal,Movies,1
9,36,25,221.841933336179,19,1,1,19,Standard,Debit,TV Shows,1
10,40,17,136.5222613514473,23,0,5,18,Standard,Debit,Movies,1
11,28,13,143.17160577219542,55,0,4,5,Standard,Credit Card,Movies,1
12,28,20,166.427299827885,38,0,9,19,Standard,Credit Card,Sports,1
13,41,25,101.48203738298562,54,0,0,26,Premium,Credit Card,Movies,0
14,53,4,76.74321485018385,18,0,9,23,Standard,PayPal,TV Shows,1
15,57,10,127.0604510465098,26,0,3,27,Standard,PayPal,Sports,0
16,41,3,130.61615313394148,6,0,1,22,Basic,Debit,TV Shows,1
17,20,18,55.27156821147355,4,0,3,16,Premium,Credit Card,TV Shows,0
18,39,22,135.0028765873111,44,0,0,1,Basic,Credit Card,TV Shows,1
19,19,34,162.79401994804158,51,0,1,12,Basic,Credit Card,TV Shows,1
20,41,8,83.48207707903963,29,0,7,24,Basic,Credit Card,Sports,1
21,61,19,137.42223393499253,59,1,5,2,Premium,PayPal,Movies,1
22,47,6,155.69054641480534,34,0,1,21,Basic,Debit,TV Shows,1
23,55,26,143.46712834120322,17,0,5,25,Basic,Debit,Sports,1
24,19,34,147.24024954966228,43,0,9,8,Basic,PayPal,TV Shows,1
25,38,6,110.20799032774795,43,0,8,18,Standard,Credit Card,Movies,1
26,50,33,74.89982649037616,53,0,6,25,Basic,Debit,Sports,1
27,29,22,102.11414150464347,16,1,8,16,Premium,Debit,Sports,1
28,39,21,96.55771592517502,2,0,4,5,Premium,PayPal,Movies,0
29,61,6,116.78963815169817,34,1,6,26,Standard,Credit Card,Sports,1
30,42,6,163.7308362183972,55,0,6,22,Premium,Debit,Movies,1
31,66,4,67.52639487343325,8,0,2,13,Premium,Credit Card,Sports,1
32,44,30,125.77000091269564,13,0,6,19,Standard,Debit,Sports,1
33,59,11,77.46393417928589,42,1,0,29,Basic,PayPal,Movies,1
34,45,30,90.39812328708915,8,0,8,3,Standard,Credit Card,Movies,1
35,33,31,142.34963010447368,30,0,9,26,Basic,PayPal,Sports,1
36,32,24,72.40219786537203,32,0,5,8,Basic,Debit,Sports,1
37,64,9,149.36977158811914,36,0,4,27,Premium,PayPal,Movies,0
38,68,3,65.913422135011,47,0,6,26,Standard,PayPal,Movies,1
39,61,31,146.6792161375264,30,0,4,26,Premium,PayPal,Sports,1
40,69,24,58.01874921685952,1,0,9,12,Premium,Debit,Sports,1
41,20,31,95.28749282973538,43,0,4,2,Basic,Credit Card,Sports,0
42,54,6,195.85977532518245,39,0,9,11,Premium,PayPal,Movies,0
43,68,2,188.34185479067546,17,1,6,12,Standard,Credit Card,Sports,1
44,24,20,103.49901389931418,59,1,9,28,Premium,Debit,TV Shows,1
45,38,28,135.59842344119605,20,1,6,18,Premium,Credit Card,Movies,1
46,26,11,168.16272075539536,24,0,2,13,Basic,PayPal,Sports,0
47,56,4,147.25184697681885,50,0,2,5,Standard,PayPal,Movies,1
48,35,15,109.06143014180704,22,0,9,22,Premium,PayPal,TV Shows,1
49,21,6,90.05458743854668,29,0,2,12,Basic,PayPal,Movies,0
50,42,30,154.7241257183172,22,0,5,2,Premium,PayPal,Sports,0
51,31,2,165.22813234458005,44,0,5,5,Standard,PayPal,TV Shows,1
52,67,15,188.6280733757755,9,0,2,7,Premium,Debit,TV Shows,0
53,26,11,52.51002306187716,37,0,2,26,Premium,Debit,Sports,0
54,43,8,69.8750084719579,10,1,7,26,Basic,Debit,Sports,1
55,19,26,166.47694408588322,36,0,7,24,Premium,Credit Card,Sports,1
56,37,5,57.938778129992926,37,0,6,12,Basic,Credit Card,Movies,1
57,45,6,169.54199819647732,28,0,9,16,Standard,Debit,Movies,1
58,64,26,111.40269976058431,28,0,3,23,Premium,Credit Card,Movies,0
59,24,4,99.16344722653261,42,0,3,8,Standard,Credit Card,Sports,1
60,61,19,128.21714385085878,43,1,2,28,Standard,PayPal,Sports,1
61,25,20,66.18526191058005,21,1,4,9,Premium,PayPal,Movies,1
62,64,33,152.96059322393407,24,0,2,15,Basic,Credit Card,TV Shows,1
63,52,20,187.58547990778789,42,1,7,5,Standard,Credit Card,Movies,1
64,31,12,154.82304863256965,40,1,6,13,Standard,Debit,TV Shows,1
65,34,1,110.13965229783437,2,1,2,5,Premium,Credit Card,Sports,1
66,53,26,58.47857168938236,55,1,8,11,Premium,PayPal,Sports,1
67,67,14,60.01650175188268,8,0,4,10,Premium,Credit Card,Movies,0
68,57,11,66.81426791042769,48,0,8,20,Premium,Debit,Movies,1
69,21,13,119.5088689155073,27,0,6,13,Premium,PayPal,Sports,0
70,19,3,124.53600253090418,22,0,6,9,Premium,PayPal,Movies,1
71,23,33,154.7377404296398,37,1,5,21,Basic,PayPal,Sports,1
72,59,6,48.15884054067698,27,0,1,14,Standard,PayPal,Sports,1
73,21,10,172.448409215696,57,0,8,18,Basic,Credit Card,TV Shows,1
74,46,5,147.77625275781486,29,1,5,15,Basic,Debit,Movies,1
75,35,23,106.9265482775146,3,1,7,10,Premium,Credit Card,Sports,1
76,43,10,72.409538330716,44,1,0,24,Standard,Credit Card,Movies,1
77,61,2,169.96562566764476,13,0,4,7,Basic,PayPal,TV Shows,0
78,51,13,107.99624155050464,45,0,0,8,Premium,Debit,TV Shows,0
79,27,2,119.19924402622284,10,0,9,28,Premium,PayPal,Movies,1
80,53,20,135.34447883151728,36,0,7,3,Standard,Credit Card,Movies,1
81,31,1,83.47204376873555,9,0,7,15,Basic,Credit Card,Sports,1
82,48,9,108.71277683899004,54,0,0,16,Basic,PayPal,TV Shows,1
83,65,17,154.6126760808152,56,1,8,4,Basic,Credit Card,TV Shows,1
84,32,9,150.563843139851,55,0,1,21,Premium,Credit Card,TV Shows,0
85,25,11,150.9242882678095,27,0,8,6,Standard,PayPal,Movies,1
86,31,15,73.79280995438273,34,0,0,1,Standard,Credit Card,Sports,0
87,40,24,110.53678597083436,51,0,9,4,Basic,Debit,Movies,1
88,57,35,104.1442465980878,1,0,8,11,Premium,PayPal,Movies,1
89,38,30,137.00715369098808,32,1,3,12,Basic,Debit,Movies,1
90,33,31,133.42631958595592,25,0,8,26,Standard,Credit Card,Sports,1
91,62,5,126.21709322971746,29,1,6,29,Premium,Credit Card,Movies,1
92,35,14,218.62935821679716,7,0,5,5,Basic,PayPal,TV Shows,1
93,64,11,108.36775679423849,49,1,4,23,Basic,Credit Card,TV Shows,1
94,41,9,103.68707655725822,3,0,8,29,Premium,PayPal,TV Shows,1
95,43,34,73.73001318655776,20,0,1,21,Standard,PayPal,Sports,1
96,42,12,58.48610696284518,20,0,1,16,Premium,PayPal,Movies,1
97,62,35,71.18730491136898,53,1,8,13,Basic,PayPal,Sports,1
98,58,35,91.2527229822688,30,0,2,13,Basic,PayPal,Movies,1
99,46,1,172.4029237775141,35,0,7,17,Basic,Debit,TV Shows,1
100,32,22,121.56655617447436,35,1,8,27,Basic,PayPal,Movies,1
101,62,29,127.73322667810933,49,1,7,7,Standard,Debit,Movies,1
102,18,8,116.14906767191613,39,0,3,8,Standard,Credit Card,Movies,1
103,42,11,134.61203972087154,27,0,0,13,Basic,PayPal,Sports,0
104,24,14,176.08288588871375,26,0,3,23,Standard,Credit Card,Movies,0
105,26,30,40.24276654927857,14,0,8,27,Standard,PayPal,Movies,1
106,41,35,168.7334926234152,17,0,1,16,Standard,Debit,Movies,1
107,18,21,19.39846189859972,18,1,2,29,Basic,Debit,Sports,1
108,61,5,121.1281084608771,45,1,9,4,Premium,Debit,Sports,1
109,25,19,207.67629418977663,52,0,7,8,Premium,Credit Card,Sports,0
110,41,14,147.22631758126175,29,0,5,16,Premium,PayPal,Movies,0
111,28,26,134.92235741282548,20,0,7,21,Basic,Credit Card,TV Shows,1
112,68,4,200.07783867211893,53,1,6,10,Standard,Debit,TV Shows,1
113,34,25,91.87748407995424,27,1,4,25,Standard,Credit Card,TV Shows,1
114,25,25,137.3586968986019,18,0,8,12,Basic,Debit,Movies,1
115,52,18,143.1246838989557,4,1,3,12,Basic,Debit,TV Shows,1
116,52,8,99.10391463091898,1,0,5,26,Premium,Debit,TV Shows,0
117,50,14,102.63559282016078,50,0,1,5,Premium,PayPal,TV Shows,0
118,22,32,98.24882267106642,1,0,1,16,Basic,PayPal,Movies,1
119,59,33,123.49259896034255,58,0,1,1,Premium,Debit,TV Shows,1
120,56,23,141.8676642308525,26,0,9,28,Standard,Credit Card,TV Shows,1
121,58,15,124.92921091658648,45,0,6,9,Basic,Credit Card,Movies,1
122,45,33,148.3784726971942,20,0,1,12,Basic,PayPal,Sports,1
123,24,25,41.23410856105809,52,1,1,5,Standard,Debit,TV Shows,1
124,26,17,111.26995345028654,23,0,8,22,Standard,Credit Card,Sports,1
125,25,33,79.06322758597415,10,0,6,20,Standard,Debit,TV Shows,1
126,29,2,132.06890050731593,59,0,2,22,Premium,Credit Card,Movies,1
127,51,14,131.47669714689292,11,0,2,28,Basic,PayPal,Sports,1
128,50,6,115.37511540170179,41,0,6,24,Premium,Debit,Sports,1
129,65,6,140.41116042128283,41,0,4,3,Standard,Debit,Sports,0
130,40,3,159.91250873056111,5,0,9,5,Premium,Credit Card,Sports,1
131,41,7,117.57917910774766,58,0,5,2,Standard,Credit Card,TV Shows,1
132,54,8,77.93220447601192,1,0,7,14,Premium,Credit Card,TV Shows,1
133,52,15,56.74969716322076,17,0,8,2,Premium,Debit,Sports,1
134,61,29,121.44440701320512,22,0,0,13,Standard,PayPal,TV Shows,0
135,57,33,129.67466806054165,34,0,2,7,Premium,PayPal,Sports,0
136,39,30,81.21904441920084,56,0,6,10,Basic,Credit Card,Sports,1
137,44,27,149.0306729265213,45,1,5,13,Premium,PayPal,Movies,1
138,52,29,101.64172456701706,41,0,6,16,Premium,Credit Card,Sports,1
139,18,33,53.74268539315398,29,0,7,26,Basic,PayPal,TV Shows,1
140,52,27,170.25745369380758,4,1,5,14,Standard,Debit,Sports,1
141,54,33,165.75951676808654,5,0,2,11,Basic,Credit Card,Movies,1
142,64,4,39.376022533476075,11,0,1,10,Premium,PayPal,TV Shows,1
143,31,22,97.4959887338523,56,1,6,6,Standard,Debit,Movies,1
144,20,2,95.93665274342895,51,1,0,4,Premium,PayPal,Movies,1
145,18,10,185.5795463767001,21,1,2,21,Premium,Debit,Sports,1
146,22,5,116.02829159833375,35,0,3,1,Basic,Debit,Movies,0
147,43,10,60.16487207778329,12,0,0,7,Basic,PayPal,Movies,1
148,31,33,155.28419128963515,26,0,4,24,Standard,PayPal,TV Shows,1
149,56,13,70.76897816935676,51,0,9,9,Standard,Debit,Movies,1
150,44,31,109.58638037112955,19,0,2,8,Standard,Debit,Sports,0
151,26,24,89.20924488476493,45,0,1,5,Premium,Debit,Sports,0
152,32,15,97.5817960688024,7,1,2,19,Basic,Credit Card,Sports,1
153,32,29,157.49032358255755,47,0,7,10,Basic,Debit,Movies,1
154,43,8,180.85320645328665,55,0,5,11,Basic,Credit Card,TV Shows,0
155,59,5,69.02525014482487,7,0,6,25,Standard,Debit,Sports,1
156,30,29,145.0430570203127,26,0,5,15,Basic,Credit Card,Movies,1
157,68,4,90.68985481240017,40,0,5,6,Basic,Debit,Sports,1
158,49,12,91.93312359903697,5,0,2,15,Basic,Debit,Sports,1
159,56,2,139.62544885690858,21,0,7,5,Standard,Debit,TV Shows,1
160,66,27,78.8838893714522,14,0,6,29,Basic,PayPal,Sports,1
161,69,31,138.82410403100178,4,1,6,19,Standard,PayPal,TV Shows,1
162,49,26,149.2045342603894,23,1,5,22,Basic,Debit,Movies,1
163,21,27,102.69870953203926,42,0,4,19,Basic,Credit Card,Sports,1
164,47,5,173.08312408054667,20,0,9,10,Basic,Credit Card,Movies,1
165,54,20,69.08701551753973,15,1,7,12,Standard,Debit,Movies,1
166,40,11,173.81624762446688,50,1,4,22,Standard,PayPal,Movies,1
167,56,10,42.240502820594685,52,0,8,4,Basic,Credit Card,Sports,1
168,62,6,227.98856561678036,45,0,8,18,Premium,PayPal,TV Shows,1
169,32,8,103.7519104551267,29,0,0,16,Standard,Credit Card,Sports,0
170,60,23,73.50771374449529,8,1,5,8,Standard,Debit,Movies,1
171,46,26,110.69312365920005,41,1,6,4,Basic,PayPal,TV Shows,1
172,53,12,78.14088229502286,48,0,2,25,Premium,Credit Card,Movies,1
173,30,26,135.4786119541817,19,1,6,23,Basic,Debit,TV Shows,1
174,49,13,174.70629325880589,48,0,6,12,Standard,Debit,Sports,1
175,24,18,80.2617509577329,39,1,1,2,Standard,Debit,TV Shows,1
176,68,25,143.17596956696013,46,0,6,4,Basic,PayPal,Sports,1
177,39,33,58.690585244169625,28,1,0,5,Basic,PayPal,Movies,1
178,45,12,161.3181893291445,46,0,4,3,Premium,Debit,TV Shows,0
179,19,4,136.64945467710382,57,0,8,9,Premium,PayPal,Movies,1
180,59,5,163.04733285321282,27,0,6,29,Standard,Credit Card,TV Shows,1
181,62,8,115.10612389435579,4,1,6,21,Premium,Debit,Sports,1
182,23,28,102.59373608580992,58,1,1,18,Premium,Debit,TV Shows,1
183,45,31,152.6446974422933,15,1,7,11,Standard,PayPal,TV Shows,1
184,45,9,67.67805913766325,35,1,2,3,Standard,Debit,Sports,1
185,61,29,50.28702673065699,37,0,7,25,Standard,Credit Card,Sports,1
186,61,14,119.80152063839847,1,0,2,23,Standard,PayPal,Sports,1
187,37,22,104.4161357256483,3,0,9,2,Basic,PayPal,TV Shows,1
188,47,11,142.15333327126183,47,0,6,9,Standard,Debit,Movies,1
189,28,23,163.66205697255987,24,0,1,14,Standard,Debit,TV Shows,0
190,45,1,141.32056316604556,27,0,3,4,Standard,Debit,TV Shows,1
191,42,21,160.4761324730698,40,0,5,29,Premium,PayPal,Movies,0
192,56,26,132.84209333328656,36,0,8,9,Standard,Debit,Sports,1
193,50,23,139.78382993284393,34,0,4,13,Basic,Credit Card,TV Shows,0
194,18,1,115.33371160670916,29,0,8,18,Basic,Debit,Movies,1
195,44,15,138.60181844060727,24,1,4,15,Standard,Debit,Sports,1
196,69,21,126.66611314254054,24,1,9,28,Basic,PayPal,Sports,1
197,30,9,133.00707186116256,42,1,7,10,Premium,Debit,TV Shows,1
198,58,9,113.33103867652645,4,0,0,16,Standard,PayPal,Sports,1
199,20,10,152.35716801885192,3,0,6,12,Basic,Debit,Sports,1
200,56,26,91.58189800660193,34,1,3,20,Basic,Credit Card,Movies,1
201,23,35,119.26603916383574,57,0,4,5,Standard,Credit Card,Movies,1
202,25,25,172.47135600830302,49,0,5,2,Basic,PayPal,Sports,1
203,44,26,82.051127083155,23,0,4,10,Standard,PayPal,Movies,0
204,26,11,33.52618152989477,53,0,0,1,Basic,Debit,Sports,1
205,54,2,134.65828665191887,56,0,8,7,Premium,Debit,TV Shows,1
206,50,7,109.72182038586003,52,0,1,26,Basic,Credit Card,Movies,0
207,68,18,160.43448961487357,23,0,8,17,Basic,Debit,Sports,1
208,59,27,114.77939680412025,45,0,9,16,Standard,Credit Card,Sports,1
209,61,34,95.82643713746754,5,0,1,27,Basic,PayPal,Movies,1
210,41,27,116.96730416727146,31,1,8,27,Standard,Debit,Movies,1
211,32,17,163.72274346452843,53,0,5,24,Premium,PayPal,TV Shows,0
212,49,24,143.014785087695,41,0,8,3,Standard,Debit,Sports,1
213,49,25,22.64390973807862,57,1,5,14,Standard,Credit Card,TV Shows,1
214,41,7,127.43069968347085,57,0,5,10,Basic,PayPal,TV Shows,1
215,58,6,129.4304852960562,54,0,1,22,Premium,PayPal,TV Shows,0
216,69,24,119.27000139197922,6,0,7,7,Standard,Debit,Movies,1
217,66,33,95.56440433725643,37,0,2,26,Basic,PayPal,TV Shows,1
218,66,29,167.78127498025776,57,0,6,17,Basic,Credit Card,Movies,1
219,69,22,169.76135792539446,10,1,4,6,Standard,PayPal,Movies,1
220,29,26,31.873581566965527,40,0,2,23,Basic,PayPal,TV Shows,1
221,56,28,88.08162089034224,7,0,0,22,Standard,Debit,TV Shows,1
222,19,21,114.2107739485712,39,0,7,4,Standard,PayPal,Sports,1
223,20,7,157.9403281486668,38,0,2,17,Standard,Debit,TV Shows,1
224,66,17,121.39411505567065,21,0,1,27,Premium,Debit,Sports,0
225,54,20,92.65624799340307,20,0,0,9,Standard,PayPal,TV Shows,1
226,66,20,148.381343092295,3,0,3,4,Basic,Credit Card,TV Shows,0
227,34,22,111.5465565779603,51,0,7,7,Premium,Debit,TV Shows,0
228,66,28,115.30396563380161,22,0,2,23,Basic,PayPal,TV Shows,1
229,19,7,118.91366266383696,47,0,0,2,Premium,Debit,Sports,0
230,19,1,142.97233763353935,4,1,3,17,Premium,Credit Card,Sports,1
231,45,32,107.6580159330485,28,0,8,24,Premium,Credit Card,TV Shows,1
232,40,13,147.47785970588887,12,0,0,8,Premium,Debit,TV Shows,0
233,54,30,117.07724126371708,38,0,1,23,Basic,Credit Card,Sports,1
234,49,23,77.31933654328496,51,0,8,15,Standard,PayPal,Movies,1
235,50,19,118.52894777218208,36,0,1,15,Basic,PayPal,Movies,1
236,18,32,79.3914638741914,47,0,2,8,Standard,Debit,Movies,1
237,36,30,121.63947159103768,41,1,6,16,Basic,Credit Card,Sports,1
238,19,29,153.17895716925864,5,1,2,19,Premium,PayPal,Sports,1
239,61,29,77.05483975991541,13,0,8,11,Premium,PayPal,Movies,1
240,43,30,134.57093623217756,23,0,5,2,Standard,PayPal,Movies,1
241,49,16,86.83850166587169,58,1,2,23,Standard,Debit,TV Shows,1
242,23,19,128.0680223966619,50,1,8,24,Basic,Debit,Sports,1
243,49,18,154.40816968081936,30,1,0,17,Standard,PayPal,Sports,1
244,21,1,34.81947703559834,37,0,9,28,Basic,PayPal,Movies,1
245,28,14,75.42096692514619,25,0,2,26,Standard,Credit Card,Movies,1
246,34,2,105.24082219560312,48,0,0,16,Standard,Credit Card,Sports,1
247,55,28,132.6016195672646,27,0,1,25,Standard,Credit Card,TV Shows,0
248,41,30,113.34466682566705,51,0,7,15,Premium,Debit,Movies,1
249,22,4,118.16476872076325,14,0,6,13,Premium,PayPal,Sports,1
250,69,1,201.71938101405027,57,1,1,15,Basic,Debit,Sports,1
251,51,8,71.5017088460309,48,0,1,27,Standard,PayPal,TV Shows,1
252,23,29,165.4194006545108,59,1,8,4,Basic,Credit Card,TV Shows,1
253,39,3,106.00087491382332,47,0,5,16,Standard,Credit Card,Movies,1
254,28,32,141.97899169994938,54,0,4,12,Premium,Credit Card,Movies,0
255,65,10,205.157862229824,36,0,9,4,Premium,Credit Card,Movies,1
256,33,10,147.54712094741703,39,1,5,3,Standard,PayPal,Sports,1
257,50,19,134.8998283916,16,0,8,22,Standard,Credit Card,Movies,1
258,26,34,183.96489340597503,56,0,6,17,Premium,PayPal,Sports,1
259,23,33,164.99194578372766,22,1,9,22,Premium,PayPal,Movies,1
260,33,23,88.02423695354258,21,0,9,18,Basic,Debit,TV Shows,1
261,46,28,131.78098969815423,54,0,8,25,Premium,Credit Card,TV Shows,0
262,20,32,51.30017063436962,21,0,3,18,Standard,Credit Card,Sports,1
263,37,7,98.39386446502996,8,0,1,23,Basic,Debit,TV Shows,1
264,53,29,132.56211870399437,49,0,7,28,Standard,PayPal,Sports,1
265,36,8,95.91578588874965,16,0,3,17,Basic,Credit Card,Sports,0
266,43,1,130.93466983887697,59,0,8,12,Standard,PayPal,TV Shows,1
267,20,3,119.46461537387844,55,0,3,23,Premium,Debit,Sports,0
268,36,24,141.4566692958017,31,0,7,21,Standard,PayPal,TV Shows,1
269,37,23,103.03203911887556,42,0,8,24,Basic,Credit Card,Movies,1
270,49,8,82.39404342253147,10,0,8,4,Standard,PayPal,Movies,1
271,24,3,179.12507304693042,32,0,9,12,Basic,PayPal,TV Shows,1
272,69,33,100.17213029240222,59,0,3,26,Standard,Credit Card,TV Shows,0
273,58,28,146.40042372468474,34,0,0,23,Premium,Credit Card,TV Shows,0
274,50,8,177.40988105890145,9,0,2,22,Premium,PayPal,TV Shows,0
275,57,34,126.50679995990129,17,1,8,21,Standard,PayPal,Movies,1
276,56,35,85.74773722227403,11,0,3,20,Standard,Debit,Sports,1
277,35,32,112.85560101810623,32,1,4,15,Standard,Credit Card,Sports,1
278,57,24,160.70163666427013,10,1,6,23,Basic,PayPal,Movies,1
279,18,14,128.24990182951453,22,0,4,28,Standard,Credit Card,Sports,1
280,28,32,71.79432831182893,57,0,3,16,Standard,Debit,Movies,1
281,45,16,143.8657533413485,17,0,1,5,Basic,PayPal,Sports,0
282,42,4,150.78125876203995,4,1,1,21,Premium,PayPal,TV Shows,1
283,67,21,105.78752455528266,48,0,3,15,Standard,PayPal,TV Shows,1
284,40,14,144.40977502418983,52,0,9,17,Standard,Credit Card,TV Shows,1
285,48,31,129.80074381841868,47,0,9,18,Premium,Debit,Movies,1
286,47,18,112.10281845431844,25,1,8,5,Premium,Credit Card,Movies,1
287,59,7,68.25857025625345,59,1,7,13,Basic,PayPal,Sports,1
288,52,10,163.1181558042303,21,0,2,19,Standard,Debit,Sports,0
289,24,7,150.3684399967933,37,0,8,13,Standard,PayPal,Sports,1
290,33,33,143.3554517750125,38,0,4,18,Basic,PayPal,Movies,0
291,43,23,181.78104014712375,49,0,2,14,Premium,Credit Card,Sports,0
292,65,21,157.80774908054374,1,1,4,4,Basic,PayPal,TV Shows,1
293,69,19,147.4626402460625,25,0,9,4,Premium,Debit,Sports,0
294,66,19,31.47090607892676,51,0,3,20,Basic,PayPal,TV Shows,1
295,19,29,167.87579807209664,36,0,7,20,Premium,PayPal,Movies,1
296,18,18,123.32322057128202,17,1,4,19,Basic,Credit Card,TV Shows,1
297,65,2,132.49966721028554,41,1,9,13,Premium,Debit,TV Shows,1
298,29,1,132.77332758773542,24,0,7,12,Premium,Credit Card,TV Shows,1
299,22,5,150.95330974569117,2,1,8,7,Premium,PayPal,Movies,1
300,54,20,164.8870011520674,40,0,3,25,Premium,Credit Card,Movies,0
301,49,11,145.3696457223689,15,0,6,12,Premium,Credit Card,Movies,1
302,26,2,139.01142357279565,32,0,1,21,Standard,Credit Card,Movies,1
303,58,3,129.26050957182287,39,0,5,4,Premium,Credit Card,Sports,1
304,52,23,10.0,59,0,7,27,Standard,PayPal,Movies,1
305,36,12,108.49635922199246,6,1,6,2,Premium,PayPal,TV Shows,1
306,65,20,82.33641930597418,1,0,6,2,Standard,Debit,Movies,1
307,33,5,168.4295815575634,47,0,7,5,Standard,Credit Card,Sports,1
308,20,30,144.76148793145174,23,0,6,23,Basic,Credit Card,Sports,1
309,37,9,101.67452051145062,58,0,4,10,Premium,Debit,Sports,0
310,41,34,105.69131270923023,39,1,6,10,Basic,Credit Card,TV Shows,1
311,50,35,104.24074546790315,57,0,9,9,Basic,Debit,Movies,1
312,41,22,103.5269538272432,17,0,2,13,Premium,PayPal,Movies,1
313,69,24,62.217702259008114,34,1,4,7,Basic,Debit,Movies,1
314,28,17,53.54882026888929,59,0,6,5,Premium,Credit Card,TV Shows,1
315,66,10,121.16187089526976,41,0,8,26,Basic,Debit,TV Shows,1
316,25,30,163.01256557437418,29,0,1,10,Premium,PayPal,Sports,1
317,53,23,98.49241210288548,9,0,3,10,Premium,Credit Card,Sports,0
318,55,32,132.1377900369618,13,1,6,6,Premium,PayPal,Movies,1
319,57,17,149.370436687069,6,1,0,27,Standard,PayPal,TV Shows,1
320,37,17,80.26487177664573,6,0,1,28,Basic,Debit,TV Shows,1
321,52,14,119.20098285120388,20,1,8,19,Standard,PayPal,Movies,1
322,65,9,93.3391807490594,52,0,9,21,Basic,Credit Card,Movies,1
323,42,2,184.24477967325174,53,0,6,8,Basic,PayPal,Sports,1
324,52,25,182.4983802744846,3,0,9,1,Basic,PayPal,Sports,1
325,42,9,80.30628640500598,17,0,6,28,Standard,Debit,Sports,1
326,46,22,135.43537532337302,49,0,5,17,Basic,PayPal,Movies,1
327,35,4,162.70397203249962,12,0,2,7,Standard,Debit,Movies,1
328,63,26,153.9331800150532,48,1,9,14,Premium,Debit,Sports,1
329,35,29,123.26252139937462,47,0,2,21,Basic,Credit Card,Sports,1
330,19,34,172.2622984705739,45,0,1,21,Basic,Credit Card,TV Shows,1
331,52,23,83.8194124404227,55,0,5,17,Premium,Credit Card,TV Shows,1
332,33,11,107.8762822242123,1,0,3,9,Premium,Credit Card,Sports,1
333,58,6,84.894303209617,17,0,4,17,Basic,Debit,Sports,1
334,53,18,151.29973978802485,3,0,2,5,Premium,PayPal,TV Shows,0
335,50,21,96.69452502802194,26,1,5,26,Standard,Credit Card,Sports,1
336,21,34,113.15003298251658,15,0,2,25,Standard,Credit Card,TV Shows,1
337,50,17,144.70681473062996,36,0,7,20,Basic,Credit Card,TV Shows,1
338,31,25,147.92999655111265,32,0,8,29,Standard,PayPal,TV Shows,1
339,38,12,83.71494614978997,32,0,3,8,Standard,Credit Card,Movies,1
340,65,23,162.2662113509117,4,0,8,6,Basic,PayPal,Movies,1
341,37,22,138.22758674669006,18,0,6,11,Premium,Debit,Sports,1
342,25,21,76.73188641678394,49,0,2,19,Basic,Debit,TV Shows,1
343,24,27,66.89136416973548,19,0,6,4,Standard,Debit,Movies,1
344,20,31,119.3672115895173,43,0,0,18,Basic,PayPal,Sports,1
345,34,6,154.00375957267235,52,0,2,1,Basic,Credit Card,Sports,0
346,50,27,155.02863449603922,35,0,5,13,Standard,Credit Card,Sports,0
347,65,34,134.2466750889937,40,1,3,14,Standard,Credit Card,Sports,1
348,29,12,121.94699353307304,14,0,6,24,Basic,Credit Card,Sports,1
349,68,7,140.4695067631602,58,1,2,1,Standard,Credit Card,TV Shows,1
350,39,10,85.78677942442965,33,0,0,29,Standard,PayPal,Sports,0
351,39,17,187.47951452101566,14,1,8,11,Standard,Debit,TV Shows,1
352,63,26,186.95753672490082,34,0,5,17,Standard,Credit Card,Movies,1
353,47,21,137.1524925848279,55,0,7,4,Standard,Debit,Sports,1
354,55,28,127.89201679971409,4,0,2,26,Standard,PayPal,Movies,1
355,55,2,103.54316109362519,24,1,7,12,Premium,PayPal,TV Shows,1
356,62,1,141.14995383198644,59,0,1,10,Basic,Credit Card,TV Shows,1
357,68,26,92.34730515932893,29,0,3,6,Standard,PayPal,Movies,0
358,25,29,31.05551876017877,19,0,2,25,Basic,Debit,Sports,1
359,44,21,11.43570798035654,6,1,9,1,Premium,Credit Card,Sports,1
360,44,11,88.02006667346053,57,0,0,7,Standard,Credit Card,Movies,1
361,51,11,126.2551249167311,33,1,6,26,Basic,Debit,Movies,1
362,38,35,133.2788693581393,49,0,9,27,Standard,Credit Card,Movies,1
363,47,34,100.5297196596286,40,0,1,21,Standard,Credit Card,Sports,1
364,50,24,125.67340668571613,19,0,3,28,Standard,Debit,Sports,1
365,45,22,109.03086571781876,53,1,8,16,Standard,Credit Card,Sports,1
366,64,5,80.02748969399451,1,0,5,24,Standard,Credit Card,Movies,1
367,50,33,117.85021964123499,5,1,7,14,Standard,Debit,Sports,1
368,22,20,152.51828449462596,27,0,1,23,Standard,PayPal,TV Shows,0
369,65,19,81.83753009014711,16,0,6,20,Premium,Debit,Movies,1
370,36,35,81.85581547921208,6,0,5,20,Premium,Credit Card,Sports,0
371,21,17,77.22997624191368,40,0,8,6,Standard,Debit,Movies,1
372,52,34,42.53925061967537,13,1,6,22,Standard,Credit Card,TV Shows,1
373,66,9,100.79190503411925,48,1,0,25,Premium,Credit Card,TV Shows,1
374,34,26,148.56344451810125,35,1,7,28,Premium,Debit,Movies,1
375,61,2,126.9566433533505,19,0,9,5,Premium,Credit Card,Movies,1
376,45,9,113.22996463774774,12,0,2,24,Standard,PayPal,TV Shows,1
377,47,9,125.16259192960676,16,0,1,21,Basic,Credit Card,Movies,0
378,46,17,100.44074050283368,59,1,2,18,Basic,Debit,TV Shows,1
379,63,1,42.08453450946111,43,0,5,15,Basic,PayPal,TV Shows,1
380,23,25,151.34875127258263,10,0,2,6,Basic,PayPal,Sports,0
381,52,25,162.84498295138604,25,0,9,25,Standard,Credit Card,Movies,1
382,58,35,90.87372895728852,20,0,4,29,Basic,Debit,Movies,1
383,54,3,113.96657517573777,31,1,5,19,Premium,Credit Card,Sports,1
384,41,30,110.52003315759359,4,0,7,1,Premium,Credit Card,TV Shows,0
385,46,34,134.05155237698165,44,0,6,1,Basic,Debit,Movies,1
386,66,12,187.59573826505158,23,0,7,13,Premium,Debit,Sports,1
387,63,19,166.39164981157222,2,0,2,3,Standard,Credit Card,Sports,0
388,48,17,104.92343098344416,56,0,3,10,Basic,PayPal,Movies,1
389,52,10,141.6985544600095,22,0,5,21,Basic,Credit Card,Sports,1
390,50,12,170.1742747429085,51,1,6,3,Standard,PayPal,TV Shows,1
391,69,16,136.33380657579113,57,1,8,9,Premium,Credit Card,Sports,1
392,38,24,119.8120238223931,37,0,0,8,Standard,Debit,TV Shows,0
393,49,19,137.84000378668742,8,0,7,3,Standard,PayPal,TV Shows,1
394,40,8,91.86913909746107,7,1,7,25,Premium,Debit,Movies,1
395,50,31,97.70875503583676,14,0,5,13,Standard,Debit,Sports,0
396,20,21,77.4386305919561,56,0,3,6,Premium,Debit,TV Shows,1
397,35,17,132.28258066280972,55,0,2,13,Premium,Debit,TV Shows,0
398,42,23,114.74388375911047,3,0,2,23,Standard,Debit,Sports,1
399,59,16,87.07527754607682,50,0,5,20,Premium,Credit Card,TV Shows,1
400,48,6,113.43282353517979,16,1,7,20,Standard,PayPal,Sports,1
401,20,8,138.79993043052679,55,0,6,12,Premium,Credit Card,Movies,0
402,57,25,196.58849223991967,19,0,0,13,Basic,Credit Card,TV Shows,1
403,63,18,160.48271458815432,51,0,5,2,Premium,Credit Card,TV Shows,0
404,41,25,28.634085700706393,18,0,6,21,Premium,Debit,Sports,1
405,67,12,129.57233867281383,52,0,6,24,Standard,Credit Card,Sports,1
406,49,15,177.1729705085142,16,1,8,23,Premium,PayPal,Sports,1
407,64,26,66.4850603515907,8,1,9,16,Basic,Credit Card,Sports,1
408,39,26,142.06237080849695,33,0,4,23,Basic,Debit,TV Shows,1
409,40,32,110.53431257875816,49,1,0,6,Premium,PayPal,Movies,1
410,19,10,166.01162123664642,12,1,1,19,Premium,PayPal,Movies,1
411,44,16,136.1702878005381,53,1,3,21,Basic,PayPal,Movies,1
412,59,7,84.63938181763174,11,0,4,13,Standard,PayPal,Movies,0
413,19,17,111.96594086837521,5,0,8,17,Basic,Credit Card,Sports,1
414,43,23,114.33217295809507,27,0,0,23,Basic,Debit,TV Shows,0
415,34,26,115.07287140759803,12,0,2,9,Premium,PayPal,TV Shows,0
416,57,21,164.77051779101052,17,0,4,17,Premium,PayPal,TV Shows,1
417,50,22,86.2952031443908,6,0,2,29,Basic,Debit,Sports,1
418,26,7,160.12205238644736,33,1,3,2,Standard,Credit Card,TV Shows,1
419,60,14,107.9100129631392,5,1,2,19,Basic,PayPal,Sports,1
420,65,15,128.9404442531666,57,1,3,19,Basic,Credit Card,TV Shows,1
421,56,7,122.89510345124137,28,0,0,24,Standard,Credit Card,Movies,1
422,46,9,119.12778647672661,14,0,7,7,Basic,Credit Card,Sports,1
423,59,8,119.45588662218711,5,0,3,22,Basic,Credit Card,TV Shows,1
424,43,23,178.29434233084083,54,0,6,10,Premium,PayPal,Movies,0
425,52,29,153.6979969962458,56,0,1,10,Standard,PayPal,Movies,0
426,67,18,105.4913724168028,59,0,1,27,Premium,Credit Card,Movies,1
427,42,31,183.31149016488365,33,0,5,20,Premium,Credit Card,Sports,0
428,41,30,130.9872429597141,50,1,1,9,Standard,Debit,Sports,1
429,30,35,134.30497037295578,48,0,5,17,Standard,Debit,TV Shows,1
430,24,18,86.50723682674433,41,0,1,27,Basic,Debit,Movies,1
431,53,17,100.1000536637944,19,0,3,15,Premium,PayPal,TV Shows,0
432,62,14,92.45985968291298,22,0,6,2,Standard,Debit,TV Shows,1
433,37,31,123.442914599747,5,0,7,4,Premium,PayPal,Movies,1
434,18,24,145.55132317792837,59,0,2,19,Premium,PayPal,TV Shows,1
435,25,35,134.68929197688854,2,0,8,17,Standard,PayPal,Sports,1
436,63,34,183.52176624278326,30,0,1,5,Basic,PayPal,TV Shows,1
437,33,3,84.4896797915506,47,0,7,7,Premium,Debit,Movies,1
438,31,26,124.59476174155529,39,0,7,18,Standard,Credit Card,Sports,1
439,29,23,68.68242682806822,4,0,3,21,Basic,Credit Card,Sports,1
440,68,15,83.12516113586952,33,1,0,22,Premium,Credit Card,TV Shows,1
441,40,4,170.58313509353854,13,0,0,27,Standard,Debit,TV Shows,1
442,32,29,101.47340534114137,20,0,1,7,Premium,Credit Card,Sports,0
443,45,22,87.86544815758916,54,0,8,17,Standard,Debit,TV Shows,1
444,51,25,34.80092497668211,7,1,1,7,Standard,Debit,Movies,1
445,19,13,87.4658140884433,15,1,1,4,Premium,Debit,TV Shows,1
446,49,18,111.78878903220084,23,0,5,8,Premium,Credit Card,TV Shows,0
447,40,33,65.70388160855157,14,0,6,13,Standard,Credit Card,Sports,1
448,39,16,109.48866444070126,23,1,6,4,Basic,Credit Card,TV Shows,1
449,68,2,170.82524242632894,19,0,8,6,Premium,PayPal,TV Shows,1
450,42,35,91.7077863868667,54,0,5,25,Standard,Debit,TV Shows,1
451,39,34,82.26467802520257,29,0,7,5,Standard,PayPal,Movies,1
452,39,30,75.04394132539628,56,1,5,12,Basic,Debit,TV Shows,1
453,66,13,74.329436299368,20,1,1,4,Basic,Credit Card,Movies,1
454,69,13,141.42309787553717,29,0,0,24,Basic,Debit,Movies,1
455,59,18,121.94674947532202,24,0,4,29,Premium,Debit,Movies,1
456,23,32,158.27427517102296,18,0,8,9,Standard,PayPal,Movies,1
457,32,32,200.7935156661702,10,0,7,4,Standard,Debit,Sports,1
458,60,35,46.78435472363408,41,1,3,19,Standard,Credit Card,Movies,1
459,54,29,135.20314833767094,57,0,4,24,Basic,Debit,TV Shows,1
460,50,29,75.2552266226576,8,0,4,14,Standard,Debit,Movies,1
461,25,16,151.55597192133803,26,0,5,5,Premium,Debit,TV Shows,0
462,61,10,109.12351995706254,29,0,2,18,Basic,PayPal,Movies,0
463,61,30,121.09291043456693,10,0,4,10,Basic,Debit,Sports,1
464,22,25,68.67290288280768,17,0,1,25,Basic,Debit,Movies,1
465,56,20,102.9429189954733,2,0,9,19,Basic,PayPal,Movies,1
466,21,5,123.58649004433039,6,0,0,12,Premium,PayPal,Sports,1
467,23,1,174.24312587226834,58,0,0,18,Standard,PayPal,Movies,1
468,62,30,88.21757890365782,5,0,9,17,Premium,PayPal,TV Shows,1
469,49,3,97.97233713878748,28,0,6,24,Standard,Credit Card,Movies,1
470,69,14,157.77158568729126,41,1,1,11,Premium,Credit Card,Movies,0
471,47,30,85.62638865202757,5,1,3,3,Basic,Debit,Movies,1
472,64,4,165.69540575896502,18,1,4,23,Basic,Credit Card,Sports,1
473,52,18,119.63653701094977,26,0,6,17,Premium,Debit,Movies,1
474,57,25,132.12491846367374,20,1,1,1,Premium,Credit Card,Movies,0
475,69,1,134.70089210037483,41,0,5,15,Standard,PayPal,TV Shows,1
476,33,15,95.35117786373569,49,0,0,28,Premium,PayPal,Movies,0
477,30,9,135.5954727788958,27,0,6,9,Premium,Credit Card,Movies,1
478,67,15,89.105208627428,49,0,8,15,Standard,Credit Card,Movies,1
479,59,24,99.91587983604481,12,0,4,28,Standard,Debit,Movies,1
480,47,4,142.347638641331,7,0,4,24,Standard,Debit,TV Shows,1
481,36,12,131.7357582256761,59,0,3,28,Premium,Debit,TV Shows,0
482,34,6,117.0014019664381,3,0,2,29,Standard,PayPal,Sports,1
483,36,24,69.65073402947957,10,0,8,3,Basic,PayPal,Movies,1
484,45,11,79.6336684260148,34,0,4,22,Basic,PayPal,Sports,1
485,43,13,131.06836175619938,25,0,7,27,Basic,PayPal,Sports,1
486,54,34,149.28562253940464,35,1,8,19,Premium,Debit,Movies,1
487,43,25,75.61417981916972,16,1,4,13,Basic,PayPal,TV Shows,1
488,40,7,86.4069901019133,2,0,9,12,Premium,PayPal,TV Shows,1
489,26,4,125.36740696710878,24,0,8,20,Premium,PayPal,Movies,1
490,29,8,124.51151450516373,10,0,1,1,Basic,PayPal,Movies,1
491,18,20,55.04171164955835,38,1,8,21,Standard,Credit Card,TV Shows,1
492,18,29,126.46252053759956,22,0,3,17,Premium,Debit,Movies,1
493,64,10,96.06528759079126,26,0,5,13,Basic,Debit,Movies,1
494,51,34,185.64186518915832,43,0,5,1,Premium,PayPal,Movies,1
495,49,26,129.96794170942624,55,0,5,10,Standard,Credit Card,TV Shows,0
496,65,3,136.85893799503611,39,0,1,15,Standard,Debit,Sports,1
497,42,6,137.89437208762445,27,1,6,27,Basic,Debit,Sports,1
498,57,5,71.44290477389742,29,0,5,27,Premium,PayPal,Movies,1
499,62,5,197.75507572434412,47,0,0,7,Premium,PayPal,TV Shows,1
500,18,23,55.083550101953065,38,1,1,28,Premium,Debit,Movies,1
501,33,9,151.8281256679897,20,1,6,22,Premium,Debit,TV Shows,1
502,56,35,144.74655749922596,27,0,0,18,Basic,Credit Card,Movies,1
503,22,20,100.9199048034816,41,0,0,16,Standard,Debit,TV Shows,1
504,39,35,146.65801266853558,54,0,0,14,Basic,Debit,TV Shows,1
505,46,18,107.29707204705048,20,1,7,27,Premium,PayPal,Sports,1
506,20,17,92.98154220576887,44,0,3,28,Premium,Debit,Movies,1
507,29,24,138.7823667741171,19,1,3,18,Standard,PayPal,Sports,1
508,43,3,79.73756035648393,20,0,1,27,Premium,Debit,Sports,1
509,33,32,111.02979364969721,35,0,0,7,Basic,Debit,TV Shows,1
510,68,35,96.2329300508017,47,0,9,17,Basic,Debit,Movies,1
511,54,13,106.5608196170822,2,0,8,29,Standard,Credit Card,TV Shows,1
512,39,25,137.30914396520737,30,0,6,18,Basic,PayPal,TV Shows,1
513,46,9,96.22534510615175,53,0,3,12,Basic,Credit Card,TV Shows,1
514,31,4,112.30704347710542,34,0,5,8,Basic,Debit,Movies,1
515,45,14,99.87418992393674,22,1,1,22,Basic,Credit Card,Movies,1
516,22,34,177.75986662298183,3,0,6,2,Premium,PayPal,TV Shows,0
517,64,11,133.70449592855562,6,0,1,7,Basic,Debit,Movies,0
518,66,3,128.80278531866878,15,0,9,4,Standard,Credit Card,TV Shows,1
519,47,28,147.33674018493696,27,0,7,18,Standard,Credit Card,Movies,1
520,63,29,96.23461692900455,10,0,7,28,Basic,PayPal,Movies,1
521,69,9,154.37028899999362,9,0,0,6,Standard,Credit Card,Sports,1
522,22,3,133.84710983330967,33,1,7,27,Basic,PayPal,TV Shows,1
523,29,25,57.56436388983738,32,0,1,9,Standard,Debit,Sports,1
524,33,34,62.87876667596941,48,0,5,27,Standard,Debit,Sports,1
525,43,12,97.10811788863737,6,0,0,9,Basic,Credit Card,TV Shows,0
526,43,9,67.1597401653932,41,0,4,14,Basic,Debit,TV Shows,1
527,65,15,110.46886157201668,59,0,6,8,Premium,Debit,Movies,1
528,38,25,79.45048034336544,36,1,9,19,Basic,Credit Card,TV Shows,1
529,56,5,116.09107787716324,59,1,0,3,Basic,Debit,Sports,1
530,53,11,176.46837503725823,2,0,1,18,Premium,Credit Card,Sports,0
531,50,34,118.0249238577526,29,0,6,5,Basic,PayPal,TV Shows,1
532,47,24,107.88142180392285,4,0,5,14,Basic,PayPal,Sports,1
533,54,15,135.52970591141377,1,0,2,28,Premium,PayPal,Movies,1
534,40,8,92.14320828309586,19,0,9,4,Basic,Credit Card,Sports,1
535,27,5,153.73657237583998,26,0,1,7,Basic,Credit Card,Movies,1
536,22,26,139.80851812496448,25,0,9,20,Premium,Debit,Sports,1
537,53,18,121.55462248194254,10,0,3,25,Premium,Debit,Movies,0
538,51,6,126.17263326534345,53,0,2,28,Standard,Debit,Movies,1
539,69,13,201.6698364225141,15,0,6,12,Basic,Debit,TV Shows,1
540,48,28,157.69248841071473,59,0,7,2,Standard,Debit,Movies,1
541,27,5,207.98106524645334,22,0,1,11,Standard,Credit Card,TV Shows,1
542,36,13,141.2812077316981,51,1,9,14,Premium,Credit Card,Sports,1
543,49,17,61.13234229317247,48,0,6,22,Basic,PayPal,Sports,1
544,18,32,109.51305188544637,21,0,7,23,Basic,PayPal,Sports,1
545,22,29,51.99180501807734,59,0,5,16,Premium,PayPal,Movies,0
546,62,3,141.13212138667674,56,1,5,20,Standard,PayPal,Sports,1
547,21,34,149.81616789381607,22,0,9,29,Premium,Credit Card,Sports,1
548,33,27,84.56336016162884,36,0,0,6,Basic,Credit Card,TV Shows,0
549,41,13,93.77454481412587,34,0,3,23,Premium,Credit Card,TV Shows,1
550,33,33,125.95003584940861,30,0,0,4,Basic,Debit,Sports,1
551,19,6,72.07583746943129,25,1,3,15,Standard,Debit,Sports,1
552,66,24,69.07360923029869,45,0,1,24,Basic,PayPal,Movies,1
553,45,19,169.54528192164483,28,1,4,25,Standard,Debit,Movies,1
554,49,16,124.58842472655873,1,1,9,1,Standard,Credit Card,Sports,1
555,44,28,97.67562569176177,49,1,8,7,Basic,PayPal,TV Shows,1
556,37,33,52.31524445771123,45,0,9,25,Basic,PayPal,Sports,1
557,41,13,154.0940542757789,4,0,2,12,Standard,Debit,Movies,0
558,29,25,92.61927151132123,7,0,7,10,Premium,PayPal,TV Shows,1
559,67,27,194.42737783482156,49,1,2,5,Basic,Debit,TV Shows,1
560,52,7,154.3724039077378,9,0,5,12,Standard,Debit,Movies,1
561,50,5,87.67432582370924,36,0,3,18,Standard,PayPal,Sports,1
562,50,31,91.38113211474113,19,0,7,10,Premium,Debit,Sports,1
563,68,23,188.87404651777325,1,0,5,6,Basic,Debit,Sports,0
564,60,10,116.62962212661981,10,1,7,28,Standard,Debit,Movies,1
565,54,32,99.46755086706521,36,0,0,12,Premium,Debit,TV Shows,0
566,29,30,121.1088675390628,9,1,5,7,Standard,PayPal,Movies,1
567,20,31,99.2834939978484,45,0,0,18,Basic,Credit Card,Sports,1
568,18,18,129.6419390843266,46,1,0,2,Premium,Credit Card,Movies,1
569,50,2,116.96705513926948,42,0,7,10,Standard,Debit,TV Shows,1
570,57,14,155.02031922046035,32,0,6,15,Premium,Debit,Movies,1
571,27,13,104.45703587043494,32,1,2,12,Basic,Debit,Sports,1
572,60,29,84.60734533241413,6,0,5,26,Premium,Credit Card,TV Shows,0
573,61,12,106.04061213505658,48,1,8,17,Basic,Debit,Movies,1
574,46,2,105.79664407103816,38,0,6,4,Standard,PayPal,Movies,1
575,30,32,116.89864739224026,17,0,2,7,Basic,PayPal,TV Shows,1
576,29,13,145.38161152228898,10,0,5,9,Standard,PayPal,TV Shows,0
577,48,27,143.19635869887682,50,0,3,19,Standard,Credit Card,Sports,1
578,63,17,167.9863470343427,27,0,2,28,Basic,Debit,TV Shows,1
579,19,31,87.54041289065903,54,0,8,27,Standard,Debit,Sports,1
580,68,34,135.54880492204435,50,0,9,23,Premium,Debit,Movies,1
581,67,24,149.0927938808286,35,0,1,7,Standard,Credit Card,Sports,1
582,52,35,93.03118374752545,52,1,0,23,Basic,Credit Card,Movies,1
583,40,6,111.69475788070484,59,1,1,2,Premium,Credit Card,TV Shows,1
584,34,19,50.00088503124813,21,0,6,6,Premium,Credit Card,Movies,1
585,43,30,156.2743078050294,25,0,9,18,Standard,PayPal,TV Shows,1
586,25,7,111.38007190720523,28,0,0,6,Standard,Credit Card,Movies,0
587,46,10,152.26256706723998,47,0,5,13,Basic,Credit Card,Movies,1
588,43,32,128.24198071518052,15,1,6,26,Premium,Credit Card,Movies,1
589,27,34,112.59339084100506,4,1,8,19,Basic,Debit,Movies,1
590,43,28,56.28788802590057,29,0,7,2,Standard,Debit,Sports,1
591,51,15,63.40189557134239,59,1,5,12,Premium,Debit,Movies,1
592,68,30,16.274152626330306,9,0,2,15,Basic,PayPal,Sports,1
593,58,29,97.49546068685376,27,1,7,14,Basic,PayPal,TV Shows,1
594,24,22,211.12994812724992,26,0,6,6,Basic,Credit Card,TV Shows,1
595,21,4,68.48210441928002,19,0,2,18,Basic,Debit,Sports,1
596,67,20,14.742724663203745,56,0,8,5,Basic,PayPal,TV Shows,1
597,62,32,158.50675678342128,28,0,1,18,Premium,Debit,TV Shows,0
598,28,4,214.54871477186805,17,0,2,3,Basic,PayPal,Movies,1
599,46,27,131.9168426103921,43,1,1,3,Premium,PayPal,Movies,0
600,53,17,131.54929578879842,57,0,0,22,Basic,Credit Card,Movies,1
601,42,12,107.60471705424995,41,0,3,22,Standard,Credit Card,Sports,1
602,38,22,48.22971077959761,42,0,4,10,Standard,PayPal,Sports,1
603,53,17,61.97152329026095,50,0,5,19,Basic,Credit Card,TV Shows,1
604,27,10,107.32986682405928,20,0,4,3,Standard,PayPal,Movies,0
605,54,1,99.66178639881025,45,0,0,29,Premium,PayPal,Sports,1
606,26,22,115.39308288920232,40,0,2,12,Basic,Debit,Sports,0
607,41,26,153.17299295712635,39,0,0,29,Premium,Credit Card,Movies,0
608,52,18,96.72648672331917,49,0,4,16,Basic,Credit Card,Sports,1
609,66,14,153.98867025618443,53,1,4,17,Standard,Credit Card,Movies,1
610,52,29,96.9884116038892,23,1,5,7,Premium,Debit,TV Shows,0
611,65,12,161.5295837146303,47,0,7,13,Standard,Debit,TV Shows,1
612,53,35,123.45470268293694,32,0,9,24,Standard,Debit,TV Shows,1
613,35,12,102.56678636313951,52,0,0,2,Basic,Credit Card,Movies,1
614,66,7,122.77176242195559,47,0,3,4,Premium,Credit Card,Sports,0
615,56,29,108.25844631369733,33,0,9,10,Standard,Credit Card,TV Shows,1
616,49,11,124.52536950719886,57,0,0,7,Basic,Debit,TV Shows,0
617,41,33,150.32424794069885,46,0,8,24,Basic,Debit,TV Shows,1
618,40,6,116.511376063374,5,0,6,17,Basic,PayPal,Sports,1
619,49,15,105.21724588584875,43,0,6,20,Standard,Debit,Sports,1
620,54,32,75.05935180356684,48,1,4,6,Basic,PayPal,Movies,1
621,29,11,143.16712077166858,34,1,6,19,Premium,Credit Card,TV Shows,1
622,66,23,133.930889056109,40,0,1,5,Premium,Debit,Sports,0
623,30,26,72.72228596289916,11,0,3,10,Standard,Credit Card,Movies,1
624,40,34,153.41977111683045,50,1,6,9,Premium,Credit Card,TV Shows,1
625,42,34,72.07263869590658,3,1,2,27,Basic,Credit Card,Sports,1
626,52,29,161.16887164935574,58,0,1,13,Standard,Credit Card,Sports,1
627,58,4,147.51453308748071,33,0,9,19,Basic,Debit,Movies,1
628,47,17,136.78662090392277,11,0,1,21,Standard,Credit Card,TV Shows,1
629,34,35,104.92019363331855,16,0,0,24,Standard,PayPal,TV Shows,1
630,66,13,143.03119130665812,18,0,4,6,Basic,Debit,Sports,1
631,37,15,163.05487980964722,30,0,5,4,Premium,Credit Card,TV Shows,0
632,65,29,143.69407684432693,48,0,5,24,Premium,Debit,Movies,0
633,42,29,93.1899991309505,55,0,8,27,Standard,PayPal,Sports,1
634,39,11,130.69627929421856,10,1,3,3,Basic,Credit Card,Sports,1
635,30,32,165.28139945180143,18,0,0,3,Basic,PayPal,Movies,1
636,36,2,207.96392722226813,38,0,5,4,Standard,Credit Card,Sports,1
637,66,14,111.79148102003215,19,0,4,25,Premium,PayPal,TV Shows,1
638,53,20,154.31532424525722,36,0,9,5,Basic,Credit Card,TV Shows,1
639,29,22,165.37922080337273,59,1,5,8,Premium,Debit,Sports,1
640,58,11,87.50380004040944,13,0,2,16,Premium,Credit Card,Movies,0
641,36,27,191.28313272245924,56,0,1,22,Standard,Debit,Movies,1
642,29,3,77.39261263666216,46,0,5,3,Standard,Credit Card,TV Shows,1
643,26,17,152.35942060131904,3,0,0,24,Premium,Credit Card,Movies,1
644,24,28,132.21279118188264,10,1,6,12,Basic,PayPal,Sports,1
645,45,29,122.22302239992639,38,0,6,25,Basic,PayPal,Sports,1
646,31,21,221.87333125794575,1,0,9,8,Standard,PayPal,TV Shows,1
647,48,16,107.94979058692795,55,0,6,13,Premium,Credit Card,TV Shows,0
648,69,20,107.30617629085566,56,0,9,4,Basic,Credit Card,TV Shows,1
649,36,6,173.2591522959118,27,1,0,14,Basic,Credit Card,Movies,1
650,64,19,150.47215112347132,46,1,3,14,Standard,Debit,Sports,1
651,33,5,171.28395683834216,8,0,6,13,Premium,Debit,Sports,1
652,22,3,124.67477529364453,51,0,8,27,Basic,Credit Card,Sports,1
653,52,1,132.67770468048653,46,1,4,6,Standard,PayPal,TV Shows,1
654,29,15,196.03742451978297,42,1,1,17,Basic,PayPal,Sports,1
655,42,34,86.56183681677214,17,0,6,4,Basic,PayPal,Movies,1
656,69,35,115.88491823633359,9,0,9,8,Basic,Credit Card,Movies,1
657,38,25,151.9301628570178,6,0,0,17,Standard,PayPal,Sports,0
658,53,24,112.16556719648649,43,1,6,3,Premium,Credit Card,TV Shows,1
659,40,12,97.19416482867858,25,0,5,17,Standard,Debit,Sports,1
660,33,18,144.7393805114609,39,0,6,9,Premium,PayPal,Movies,1
661,56,15,173.43222665965976,49,1,9,2,Basic,Debit,Movies,1
662,62,16,114.36662548776572,28,0,2,25,Premium,PayPal,Movies,1
663,59,27,113.25641516757004,33,0,2,13,Basic,Credit Card,Sports,0
664,56,8,94.09247897266276,54,0,6,20,Basic,Credit Card,Movies,1
665,31,25,108.16092626377063,37,0,1,2,Standard,Credit Card,TV Shows,0
666,48,17,163.34424319320743,9,0,0,20,Basic,Credit Card,Sports,1
667,22,29,123.24251482774628,18,0,8,28,Standard,PayPal,Sports,1
668,52,8,87.80037356278848,56,0,8,11,Premium,Debit,Movies,1
669,40,15,130.4944952129465,59,0,6,27,Premium,Credit Card,Movies,1
670,46,27,162.04776043944162,21,1,6,26,Basic,PayPal,TV Shows,1
671,60,7,97.52457345810285,2,1,2,22,Standard,Debit,Sports,1
672,28,3,66.85579121617747,58,0,9,15,Basic,Credit Card,Movies,1
673,35,29,207.63300639491007,43,0,1,11,Standard,Debit,TV Shows,0
674,64,24,64.8588259982701,59,0,6,23,Standard,Credit Card,Movies,1
675,29,3,105.63909744576857,38,0,8,3,Standard,Debit,Sports,1
676,26,20,129.28514047434678,58,0,0,3,Premium,Debit,Movies,0
677,27,15,109.10289195022835,40,0,3,28,Standard,Credit Card,Sports,1
678,61,25,117.00356621379925,36,0,5,26,Premium,PayPal,Movies,1
679,34,30,143.07352671498376,50,0,6,12,Standard,Debit,Sports,1
680,55,14,24.33113369148826,43,0,9,24,Premium,Credit Card,TV Shows,1
681,24,7,69.32422113904595,37,0,6,5,Premium,Debit,Sports,1
682,63,17,121.77037544281316,15,0,9,20,Premium,Debit,TV Shows,1
683,30,20,103.8313195210556,28,0,1,7,Basic,PayPal,Sports,1
684,57,9,125.1764503310239,18,0,3,7,Standard,Debit,TV Shows,0
685,59,22,129.10613130525218,34,1,4,13,Basic,Debit,Movies,1
686,26,2,35.36320018116031,22,1,0,9,Standard,Credit Card,Sports,1
687,67,24,170.94561328606585,11,0,0,25,Standard,Credit Card,Movies,0
688,44,8,100.06928467598601,58,0,9,21,Basic,PayPal,TV Shows,1
689,19,11,85.37947260895973,57,0,2,13,Premium,Debit,Sports,1
690,22,13,128.33421183837117,13,0,9,12,Standard,Debit,Sports,1
691,46,17,124.28640911128973,4,0,2,13,Premium,Debit,Movies,0
692,54,8,167.8676327061855,22,1,7,24,Basic,PayPal,Sports,1
693,55,21,130.87492651080066,7,0,8,10,Premium,Debit,Sports,1
694,36,18,166.324433920972,43,1,0,1,Standard,Credit Card,Movies,1
695,25,30,82.47290498289178,54,0,1,25,Standard,PayPal,Sports,1
696,65,18,125.67444220829996,24,0,9,8,Standard,Credit Card,Movies,1
697,62,31,75.41009170700443,4,0,1,22,Basic,Credit Card,Movies,1
698,18,32,123.90703422241118,28,0,3,16,Standard,PayPal,Movies,0
699,39,11,115.42848177592458,15,0,1,13,Basic,Credit Card,Movies,0
700,69,25,113.70810299196388,1,0,6,3,Premium,Debit,Movies,1
701,34,33,114.05889790553469,55,0,8,3,Standard,PayPal,TV Shows,1
702,24,8,149.4555788073839,3,1,6,24,Standard,Credit Card,TV Shows,1
703,42,11,55.70561371989682,14,0,5,5,Standard,Debit,Movies,1
704,62,22,84.0084854886331,38,1,9,26,Premium,Debit,TV Shows,1
705,21,24,118.37712693019299,50,1,0,11,Standard,Credit Card,TV Shows,1
706,53,17,72.85347642115,57,1,9,7,Basic,Debit,Sports,1
707,23,12,121.84456424804176,1,0,8,21,Premium,PayPal,Movies,1
708,48,32,117.965899150357,38,0,4,24,Premium,Credit Card,TV Shows,1
709,36,15,63.84973419789667,38,1,4,10,Premium,Debit,Sports,1
710,61,16,61.8733941498289,21,0,5,10,Premium,Debit,Sports,0
711,56,22,15.048470578029367,48,0,8,20,Premium,Credit Card,Movies,1
712,44,28,71.17319801272347,29,0,7,2,Basic,Credit Card,Movies,1
713,27,20,120.572930328424,5,0,7,3,Premium,Credit Card,Sports,1
714,43,33,126.2475129176351,49,0,7,8,Standard,Credit Card,Movies,1
715,36,10,128.07598238513802,10,0,0,11,Premium,PayPal,Movies,0
716,56,32,88.88324749330476,28,0,0,13,Premium,Credit Card,Sports,0
717,20,33,119.26786063914042,21,1,7,7,Premium,PayPal,Sports,1
718,62,2,135.88978436965812,50,0,4,13,Premium,PayPal,Movies,0
719,30,33,69.27857801995387,7,1,8,2,Premium,Credit Card,TV Shows,1
720,67,33,124.9331629756216,3,0,1,6,Basic,PayPal,Movies,0
721,45,13,146.25924847340366,45,1,8,9,Basic,Credit Card,TV Shows,1
722,37,30,100.36911480708477,47,0,7,20,Premium,Credit Card,Sports,1
723,45,33,162.48937321398412,20,1,8,25,Basic,Debit,TV Shows,1
724,25,13,101.3026262470012,19,0,3,2,Standard,Credit Card,Sports,0
725,58,26,85.597565795077,35,1,0,18,Premium,Debit,Movies,1
726,56,22,142.27364714211683,4,0,0,16,Standard,PayPal,Movies,1
727,18,2,201.33175077865826,5,1,4,25,Standard,Debit,Sports,1
728,20,26,123.41414475551237,1,1,1,12,Premium,PayPal,Sports,1
729,30,15,145.3963121645488,4,0,7,7,Standard,Credit Card,Sports,1
730,45,34,99.65131115608624,12,0,9,7,Standard,PayPal,Movies,1
731,66,11,70.3353512081589,27,1,4,17,Standard,PayPal,Movies,1
732,42,3,126.65062583602933,56,0,4,13,Premium,Credit Card,TV Shows,0
733,50,6,132.97599887151645,42,1,1,11,Premium,PayPal,Sports,1
734,55,9,105.68355638475352,23,0,6,6,Standard,Credit Card,TV Shows,1
735,23,6,145.24226072086023,25,0,7,29,Premium,Debit,Movies,1
736,61,9,93.8367996074272,21,1,9,23,Premium,Credit Card,TV Shows,1
737,62,31,83.91654936593031,58,0,0,27,Standard,Credit Card,TV Shows,1
738,49,32,162.4257172194466,52,1,1,14,Premium,PayPal,Movies,1
739,62,12,162.6139050616652,24,0,9,6,Basic,Debit,Movies,1
740,64,8,94.62627576657286,25,0,3,6,Premium,Credit Card,Sports,0
741,38,8,188.75401961619286,45,0,4,2,Basic,Debit,TV Shows,0
742,33,28,108.51573229879003,55,0,1,22,Standard,Debit,Movies,1
743,38,20,123.39131458575835,46,0,0,20,Premium,PayPal,Movies,0
744,28,7,116.61389832606288,32,0,8,25,Standard,Credit Card,TV Shows,1
745,54,11,140.95040869782719,55,0,0,15,Standard,PayPal,Movies,1
746,53,20,130.8568597520377,32,0,3,28,Standard,Credit Card,Sports,1
747,52,16,130.3184864632663,5,1,1,17,Standard,Debit,Sports,1
748,36,4,79.21753473120455,36,0,3,29,Standard,Credit Card,TV Shows,1
749,37,6,52.45750732841262,46,0,7,8,Premium,Credit Card,Sports,1
750,35,22,165.68640113011446,42,0,7,5,Basic,Debit,Movies,1
751,64,26,98.18216004241026,49,0,8,17,Premium,Debit,Movies,1
752,58,3,118.03866506266088,42,0,4,20,Premium,Credit Card,Movies,1
753,66,14,133.07195639559123,58,0,6,1,Premium,PayPal,Movies,1
754,31,11,185.16038413397072,39,0,2,22,Premium,Credit Card,TV Shows,1
755,32,18,126.45431698570032,16,0,9,18,Basic,Debit,Sports,1
756,48,12,104.20809748303611,33,0,3,15,Premium,PayPal,Sports,0
757,18,23,99.0582247485257,49,1,9,5,Standard,Debit,Movies,1
758,20,12,118.50572635032246,21,0,8,7,Premium,Debit,TV Shows,1
759,33,13,83.62540921437548,9,0,9,18,Premium,PayPal,Movies,1
760,40,25,121.15502892596041,6,0,9,6,Basic,Debit,Movies,1
761,28,19,117.91921246167944,51,0,0,22,Basic,Debit,TV Shows,0
762,29,8,185.66107794576607,45,1,1,21,Standard,Debit,TV Shows,1
763,27,29,116.65595445636316,35,0,4,5,Premium,Debit,Movies,1
764,49,32,43.02047355804601,39,0,2,19,Premium,Debit,Sports,1
765,33,18,226.94043881585912,22,0,1,10,Premium,Debit,Movies,0
766,25,6,158.27334924624387,41,0,0,15,Standard,Debit,Sports,0
767,55,18,203.29394976382338,54,0,9,10,Basic,Debit,Sports,1
768,29,19,73.70720052062063,5,0,2,27,Standard,Debit,TV Shows,1
769,41,22,111.12692874974832,42,0,0,16,Premium,Credit Card,TV Shows,0
770,45,32,146.97604965977277,23,0,0,12,Basic,Credit Card,Movies,1
771,25,3,141.45565489137837,17,0,0,18,Basic,Debit,Sports,1
772,45,28,132.27750829438207,12,0,7,23,Standard,Credit Card,Sports,1
773,53,10,32.01557125997783,23,0,2,1,Basic,PayPal,Movies,0
774,43,35,51.50242169742745,16,0,0,16,Basic,Credit Card,Movies,1
775,25,29,180.7008043625549,3,1,6,22,Premium,Debit,Movies,1
776,67,15,187.81318131478758,30,0,9,6,Premium,Debit,TV Shows,1
777,45,33,115.73394834254417,57,1,2,3,Basic,Credit Card,Movies,1
778,45,7,175.61709897625528,22,0,7,2,Basic,Debit,Movies,1
779,54,12,79.07088935426808,9,0,3,28,Standard,PayPal,Sports,1
780,58,30,88.22295786125278,29,0,3,2,Standard,PayPal,Movies,1
781,53,21,75.90878712547402,47,0,4,13,Basic,Debit,Sports,1
782,44,31,86.00321817245415,37,0,5,9,Premium,PayPal,Sports,0
783,34,24,148.90784038090476,23,0,6,16,Basic,PayPal,TV Shows,1
784,26,20,85.50590507746222,13,0,3,27,Basic,Credit Card,Movies,1
785,50,4,209.5897215971146,32,1,7,5,Premium,PayPal,Movies,1
786,37,28,138.4028242538975,46,0,5,23,Premium,Credit Card,Sports,0
787,30,20,163.38108185980354,52,0,0,28,Standard,Debit,TV Shows,1
788,45,24,139.59762331200292,47,0,0,21,Standard,Credit Card,TV Shows,1
789,65,32,168.57078601837117,48,0,8,7,Standard,Debit,Movies,0
790,46,34,85.28000001845811,23,0,9,13,Standard,Debit,Sports,1
791,30,2,177.87734152798228,45,0,5,20,Premium,Debit,Movies,1
792,63,15,125.63755542365747,17,1,9,24,Basic,Debit,Movies,1
793,52,34,168.37064443874957,55,1,7,29,Standard,Debit,Movies,1
794,23,6,62.41743786495263,40,0,6,27,Standard,Credit Card,Movies,1
795,35,12,127.22332826433453,21,0,5,26,Premium,Debit,Sports,1
796,68,3,125.80954867126661,2,1,3,13,Premium,PayPal,TV Shows,0
797,22,18,95.23054140082235,37,0,6,27,Basic,PayPal,Movies,1
798,64,21,132.52475318989056,6,0,8,26,Basic,Debit,Movies,1
799,42,15,181.58427392006058,44,0,9,7,Premium,PayPal,Movies,1
800,19,33,92.15390564147515,18,0,9,10,Standard,Credit Card,Movies,1
801,27,35,158.47417424819753,30,0,6,15,Standard,Credit Card,TV Shows,1
802,47,26,74.90307775413967,22,0,0,21,Standard,Debit,TV Shows,1
803,67,8,204.37778378569837,54,0,9,27,Basic,Debit,TV Shows,1
804,62,30,151.38401273746834,33,0,8,6,Standard,Debit,TV Shows,1
805,22,23,189.00469329034289,30,0,3,5,Standard,PayPal,Movies,0
806,50,14,146.8824207637507,17,0,2,23,Premium,PayPal,Sports,0
807,18,14,135.62452710917447,43,0,3,28,Standard,Credit Card,TV Shows,1
808,35,2,151.71731761943673,32,0,3,2,Premium,PayPal,TV Shows,1
809,49,5,114.54210146583314,42,0,9,21,Standard,Credit Card,Movies,1
810,64,14,55.28664377766712,51,0,1,15,Basic,PayPal,Movies,1
811,66,25,137.8959738586717,14,0,0,26,Standard,Credit Card,Movies,0
812,28,20,89.77986661600981,58,1,9,16,Standard,Debit,Movies,1
813,38,2,75.9335233848239,10,1,0,19,Premium,PayPal,Sports,1
814,43,6,145.4517267375444,47,0,7,9,Premium,Credit Card,Sports,1
815,42,17,108.83566100401224,51,0,1,29,Premium,PayPal,TV Shows,0
816,39,25,161.10817626422758,36,0,9,22,Standard,Debit,Sports,1
817,44,28,88.44236924963718,34,0,4,29,Standard,Credit Card,TV Shows,1
818,66,2,101.16684093944694,9,1,3,26,Basic,PayPal,TV Shows,1
819,30,35,166.01184105205573,42,0,7,19,Standard,PayPal,Sports,1
820,50,5,131.19370643990433,28,0,1,7,Basic,Debit,TV Shows,0
821,51,1,60.90687836375441,11,0,9,4,Premium,Debit,Movies,1
822,58,12,130.31043531440443,14,0,8,3,Premium,Credit Card,TV Shows,0
823,52,23,179.24954194355215,39,0,6,24,Premium,PayPal,Movies,0
824,18,31,100.85690221514132,55,0,6,29,Basic,PayPal,Sports,1
825,38,11,143.92230785811637,47,0,0,20,Standard,Debit,Sports,0
826,65,10,86.0245233937638,54,1,1,11,Premium,Debit,TV Shows,0
827,23,3,114.52866900122284,19,1,3,1,Standard,Credit Card,Movies,1
828,45,14,163.59342145801733,54,0,3,6,Standard,PayPal,TV Shows,0
829,34,16,128.76926671019893,15,0,2,26,Premium,PayPal,Sports,0
830,22,10,171.57079450862545,28,0,6,11,Basic,Credit Card,TV Shows,1
831,48,29,137.01209616911447,24,0,7,27,Standard,Credit Card,TV Shows,1
832,22,10,208.74958708803368,8,0,1,1,Premium,Debit,Movies,0
833,55,12,57.40346523122923,43,0,3,21,Standard,Debit,Sports,1
834,20,30,111.31226599756141,9,0,2,7,Standard,Credit Card,TV Shows,0
835,40,1,76.61864826831794,47,0,1,6,Standard,Credit Card,Movies,1
836,54,5,79.35003302167003,33,0,5,14,Standard,PayPal,TV Shows,1
837,54,20,79.71265224775841,33,0,3,2,Standard,Credit Card,Movies,1
838,27,8,126.70903288204882,19,0,5,27,Basic,Credit Card,Movies,1
839,27,12,129.0520373928747,3,0,1,4,Basic,PayPal,TV Shows,1
840,36,1,137.09823699980464,10,1,3,11,Premium,Credit Card,Sports,1
841,34,20,75.07757759421793,40,0,5,15,Basic,Debit,Sports,0
842,38,28,107.03100724006839,47,0,4,18,Basic,Debit,Movies,1
843,31,12,81.42821440974527,42,1,2,27,Basic,PayPal,Sports,1
844,26,28,157.43526225086862,1,1,7,1,Standard,Credit Card,Movies,1
845,63,15,85.18929799276106,29,0,6,3,Standard,Debit,Sports,1
846,18,6,111.45151392016474,50,1,2,3,Premium,Debit,TV Shows,1
847,68,20,142.41225765292424,34,0,5,28,Premium,Debit,Sports,1
848,62,14,95.37485302009742,51,0,3,7,Premium,Debit,Movies,0
849,30,2,147.75513779922616,13,0,4,1,Standard,Credit Card,Movies,1
850,21,9,183.84318942132595,54,0,4,25,Basic,Credit Card,Sports,1
851,18,20,127.58846914902101,1,0,6,11,Basic,Credit Card,TV Shows,1
852,66,26,156.06443658273628,34,0,4,6,Standard,Credit Card,Movies,1
853,57,29,37.06316444254469,29,0,2,20,Premium,Debit,Movies,1
854,49,1,102.83792292608598,48,0,9,3,Premium,PayPal,Movies,1
855,51,35,127.39603267715907,47,0,4,19,Premium,PayPal,Movies,1
856,45,6,77.88139686398773,13,0,6,2,Standard,Debit,Movies,1
857,48,5,128.30597341616368,48,0,4,18,Premium,Debit,TV Shows,0
858,25,33,162.39762224236603,49,0,4,12,Premium,PayPal,Sports,1
859,56,14,44.81757487959912,53,1,8,29,Standard,PayPal,TV Shows,1
860,43,12,72.4370853678461,29,1,2,10,Basic,Debit,TV Shows,1
861,51,20,127.39253083056741,39,0,5,5,Standard,Debit,Movies,0
862,20,24,138.4167891776019,24,0,0,9,Standard,Credit Card,TV Shows,0
863,67,34,149.52321499638603,26,0,9,2,Standard,Credit Card,Movies,1
864,29,25,124.43557915551071,17,0,4,2,Standard,PayPal,TV Shows,0
865,18,29,138.46049620063235,7,0,7,28,Basic,Debit,Movies,1
866,61,31,156.13922834162724,13,0,4,6,Premium,PayPal,Movies,0
867,22,23,103.42167592918696,5,0,8,29,Standard,Credit Card,TV Shows,1
868,47,20,95.65655655974317,26,0,5,10,Basic,Credit Card,TV Shows,0
869,47,23,113.25973476260526,49,1,7,18,Premium,PayPal,Sports,1
870,34,16,127.97951769109653,3,0,9,12,Premium,Credit Card,Sports,0
871,65,8,93.66906227194727,7,0,7,4,Premium,Debit,Sports,1
872,64,21,104.24970734107151,58,1,2,22,Standard,PayPal,TV Shows,1
873,40,1,135.90807082029184,49,0,6,21,Standard,Debit,TV Shows,1
874,32,8,126.31003124118861,39,0,6,17,Premium,Debit,Movies,1
875,54,29,112.58651508736968,53,0,9,15,Premium,Credit Card,Sports,1
876,38,32,50.35722759749403,1,0,5,6,Premium,Debit,Movies,0
877,31,5,119.8596803196584,49,0,6,16,Premium,PayPal,Movies,1
878,19,22,81.19984129963828,17,0,1,17,Premium,Debit,Movies,1
879,28,34,159.323308208236,43,0,8,3,Premium,Debit,Movies,0
880,68,1,107.6511538688597,25,0,9,10,Basic,Debit,Sports,1
881,56,26,80.1507177510992,59,0,9,5,Premium,Debit,Movies,0
882,55,10,117.53826904479806,3,0,0,14,Standard,Debit,TV Shows,0
883,51,30,170.82798340368765,15,0,0,26,Standard,Credit Card,TV Shows,1
884,55,18,145.23263396578477,29,1,2,29,Standard,PayPal,TV Shows,1
885,67,17,128.79668602423737,53,0,2,21,Premium,Credit Card,Sports,0
886,51,26,66.95619763812574,43,0,0,13,Standard,PayPal,Movies,1
887,35,8,184.86400399065286,32,0,6,26,Basic,PayPal,Sports,1
888,47,12,95.13491303856388,26,0,3,6,Premium,PayPal,Movies,0
889,32,27,157.35135651489372,16,0,9,12,Standard,PayPal,Sports,1
890,44,8,106.9854848659434,25,0,1,26,Basic,PayPal,Sports,1
891,68,25,153.50031489932957,54,1,9,8,Basic,Debit,Movies,1
892,51,4,172.27496383501096,28,1,4,5,Standard,Credit Card,Sports,1
893,69,33,145.92549079630135,9,0,5,15,Basic,Credit Card,Movies,0
894,55,1,150.23419839039758,56,0,8,27,Standard,Debit,TV Shows,1
895,50,19,116.0624405537747,56,0,3,16,Basic,PayPal,TV Shows,0
896,41,31,102.64135431708756,1,0,1,1,Premium,Credit Card,TV Shows,0
897,32,16,125.53194759143241,29,0,4,16,Premium,Debit,Sports,0
898,47,14,106.40341976923132,57,0,2,5,Premium,Debit,TV Shows,0
899,59,5,218.68814843249967,22,0,1,3,Premium,Credit Card,Movies,1
900,68,26,80.30566854037946,16,0,0,20,Premium,Credit Card,TV Shows,0
901,34,28,160.08340866361635,41,0,9,15,Standard,PayPal,TV Shows,1
902,22,2,140.68787338156054,51,1,1,13,Premium,PayPal,Sports,1
903,46,6,129.1948883249575,44,0,5,24,Premium,Credit Card,Movies,0
904,21,9,179.19544399655362,51,0,7,16,Premium,PayPal,Sports,1
905,27,33,131.93509810404717,54,0,2,23,Premium,Debit,Sports,0
906,34,25,94.6037232103034,41,1,8,11,Basic,PayPal,Movies,1
907,27,13,131.6692150901363,7,0,8,21,Premium,PayPal,Sports,1
908,34,9,112.67286924379086,14,0,1,2,Premium,Debit,Movies,0
909,37,13,140.13138675266595,29,0,7,22,Standard,PayPal,TV Shows,1
910,41,31,152.52294526517994,19,0,9,27,Basic,Debit,Movies,1
911,22,11,85.63648230543723,19,1,4,6,Standard,PayPal,Movies,1
912,51,4,167.8134447201126,2,0,3,26,Premium,Credit Card,Movies,0
913,23,34,109.80400620526163,41,0,9,26,Standard,PayPal,Sports,1
914,19,4,137.74455690728715,45,1,4,27,Standard,Credit Card,Movies,1
915,30,19,144.68120681282784,15,0,3,6,Premium,Credit Card,Movies,0
916,60,6,134.6955476252252,3,0,7,14,Basic,Credit Card,Movies,1
917,60,34,115.63565929389723,11,0,3,25,Basic,Credit Card,TV Shows,1
918,65,18,100.45609672029343,53,1,9,11,Standard,Credit Card,Movies,1
919,28,13,109.24021970786634,46,0,5,8,Premium,Debit,Sports,0
920,68,23,182.60687730115507,30,0,1,8,Standard,Debit,Movies,1
921,64,19,85.36534251483764,57,0,4,1,Standard,Debit,Movies,1
922,40,11,91.23026648148135,40,0,5,21,Standard,Credit Card,TV Shows,1
923,33,1,89.47404707425143,18,0,4,7,Premium,PayPal,Movies,1
924,48,24,125.43015519670661,51,0,1,6,Premium,Debit,Sports,0
925,28,7,59.01178200048776,48,1,6,21,Basic,PayPal,Movies,1
926,33,25,65.85760575462427,2,0,3,8,Premium,PayPal,Sports,0
927,25,21,109.56180668162968,32,0,7,19,Standard,Credit Card,TV Shows,1
928,21,15,68.4889821880705,8,0,6,22,Standard,Credit Card,Movies,1
929,57,1,71.74914762868794,22,0,6,21,Basic,Credit Card,TV Shows,1
930,21,12,68.78926362548242,6,1,8,24,Premium,Debit,Movies,1
931,42,7,86.13553163466685,12,0,0,20,Standard,Credit Card,Sports,1
932,20,15,149.24986026681626,47,0,9,8,Basic,Debit,TV Shows,1
933,49,21,158.2283182448433,57,0,5,26,Basic,Debit,Movies,1
934,20,19,196.76003572874424,40,0,5,14,Standard,Debit,Sports,0
935,44,29,195.29447434053913,36,0,5,18,Standard,Debit,TV Shows,1
936,46,25,151.45250839521788,15,0,5,25,Premium,Credit Card,Movies,1
937,49,33,161.10710699204128,28,1,9,29,Basic,Debit,TV Shows,1
938,67,32,125.24408362743672,52,1,6,16,Standard,Credit Card,Movies,1
939,68,35,140.79459408049075,57,0,9,9,Basic,Credit Card,Sports,1
940,36,26,197.74412192732683,49,1,5,15,Premium,Debit,Sports,1
941,38,11,134.84851472227322,45,0,0,26,Standard,Credit Card,TV Shows,1
942,22,35,166.1295431418096,18,0,2,10,Premium,PayPal,TV Shows,0
943,35,8,82.62593565685955,2,0,1,29,Basic,Credit Card,Movies,0
944,45,14,93.3504510296709,13,0,5,22,Premium,Credit Card,Sports,1
945,59,10,132.4827839117987,45,0,7,16,Premium,Debit,Movies,1
946,39,2,125.99726680253565,54,0,2,4,Basic,Debit,Sports,1
947,38,9,95.20263250380415,15,0,9,20,Premium,Credit Card,TV Shows,1
948,23,3,216.29510335724876,20,0,7,13,Basic,Debit,Movies,1
949,18,21,126.90376415659465,29,0,7,22,Standard,PayPal,Movies,1
950,22,26,102.29099791261353,59,0,4,5,Basic,PayPal,Sports,1
951,58,8,126.06475309442521,42,0,7,22,Basic,Debit,Sports,1
952,29,2,121.0170681044654,29,0,5,7,Standard,Credit Card,Sports,1
953,43,6,127.51210191564354,3,0,4,23,Basic,PayPal,TV Shows,1
954,63,28,56.25131938595868,19,0,8,9,Standard,PayPal,Movies,1
955,51,29,171.67786786267462,3,1,6,8,Standard,Credit Card,Sports,1
956,66,26,173.953176817566,54,0,7,29,Basic,Debit,TV Shows,1
957,31,25,178.81283088145943,14,0,0,16,Premium,PayPal,Sports,0
958,43,12,133.0172703414519,40,1,1,6,Premium,Credit Card,Movies,1
959,62,5,146.49924240658063,59,0,7,28,Standard,Credit Card,Sports,1
960,44,34,85.35092207971,55,0,8,16,Premium,PayPal,Movies,1
961,26,15,153.31597314389558,4,0,3,6,Premium,Debit,TV Shows,0
962,43,15,130.07150827575757,59,1,9,14,Basic,PayPal,TV Shows,1
963,64,23,101.58373537443032,52,0,9,21,Standard,Credit Card,Sports,1
964,39,6,154.58978766563362,11,0,8,1,Standard,PayPal,Movies,1
965,64,21,156.137961443644,58,0,3,25,Basic,Debit,Movies,1
966,47,23,122.42435342699731,31,0,9,9,Premium,Credit Card,Movies,1
967,60,16,137.53530320513613,43,0,9,25,Standard,Debit,Sports,1
968,65,15,78.73131952265757,32,0,9,27,Premium,PayPal,Movies,1
969,34,25,169.72733748857434,27,0,8,24,Standard,PayPal,Movies,1
970,43,11,84.04747247860394,30,1,6,13,Standard,Debit,Movies,1
971,53,15,91.78297407683297,43,1,1,26,Standard,PayPal,Movies,1
972,18,4,122.49262581722148,2,0,8,29,Standard,Debit,Sports,1
973,25,21,164.5806513687384,49,1,3,19,Premium,PayPal,Sports,0
974,66,13,164.55794532862643,9,0,7,17,Premium,Debit,Movies,0
975,52,22,119.80701512379478,28,0,6,11,Premium,Debit,Movies,1
976,69,19,150.92053449015245,31,0,6,28,Premium,Credit Card,TV Shows,1
977,32,34,52.43766202684415,34,1,7,28,Basic,Credit Card,TV Shows,1
978,64,14,91.22720039481788,56,1,0,8,Standard,Debit,Movies,0
979,39,4,92.04198242145596,15,0,4,23,Standard,PayPal,Movies,1
980,31,27,170.0885163903927,48,1,1,29,Standard,PayPal,TV Shows,1
981,43,29,146.1861665163203,25,0,1,5,Basic,PayPal,TV Shows,0
982,45,28,127.38611103618403,36,1,0,10,Premium,Debit,Movies,0
983,40,35,131.26940255317496,8,1,4,7,Standard,Debit,Sports,1
984,31,8,182.73357104120498,9,0,1,10,Premium,Debit,Sports,0
985,41,16,113.19281333973794,58,0,3,4,Premium,Debit,Movies,0
986,19,30,67.43730765863842,58,0,2,9,Basic,Credit Card,Movies,1
987,62,18,163.48780737581217,37,0,2,27,Basic,Debit,TV Shows,1
988,43,2,127.27356148820243,48,0,1,26,Premium,PayPal,TV Shows,1
989,31,13,158.14686712663124,45,0,5,14,Standard,Credit Card,Sports,1
990,68,4,118.20940770453969,39,1,1,2,Standard,PayPal,Movies,1
991,24,26,86.45241905184427,32,0,7,25,Basic,Debit,TV Shows,1
992,20,25,136.11286884331906,58,0,7,9,Basic,Credit Card,Sports,1
993,64,30,120.40700282965722,52,1,4,21,Basic,Debit,Sports,1
994,40,11,127.39769131497637,17,1,9,27,Basic,Credit Card,Sports,1
995,63,7,184.66281976469665,35,0,6,1,Basic,PayPal,TV Shows,1
996,60,31,76.05190090461198,37,1,3,23,Basic,Debit,TV Shows,1
997,64,10,131.4367464190393,19,0,0,10,Basic,Debit,Movies,1
998,62,13,87.24013239365293,44,1,1,10,Standard,Credit Card,Movies,1
999,35,31,16.37816107519768,29,0,9,20,Basic,Credit Card,Sports,1
1000,55,7,118.04139243911105,59,0,9,25,Basic,Debit,Sports,1
